,Metros_Cuadrados,Distancia_Centro,Antiguedad,Precio
0,37.55090655601015,1.7148951160437569,23.95809127294306,267.5480862047704
1,199.38132221522636,8.12921717696451,29.248817901180857,452.84291102543847
2,120.8341232314055,6.035151819855719,29.74839649309906,218.9078774934601
3,186.39699090111648,12.36528440284237,26.979926230698204,481.5078495806064
4,244.93758775921862,4.617595022523766,22.138485753805192,507.5421824224371
5,143.85405019439975,6.295152408081743,17.346189865721225,337.250378692734
6,135.25770664178572,2.239981717081272,32.074167664673475,332.29295160725485
7,36.57176067274516,7.791628483939304,5.311075546622304,216.45771527154562
8,81.74096542343037,14.347812791368579,11.299551882674116,129.1909280429106
9,134.9729751898788,4.355504663267519,31.27178159645613,301.7734288699277
10,176.22289910781632,11.967058652959313,35.56322524254253,349.3894320957602
11,204.85997830400635,2.8773636544975396,26.4855803790069,469.0179421994929
12,107.61646062416384,13.345592625996177,1.9945713681173904,155.96161915853324
13,35.165359788358174,7.933181185914772,33.21899561692011,227.02750729375933
14,86.27348784083851,2.324218391792451,38.73815169336939,137.8583890303553
15,229.20651137551116,11.84910122371346,18.414819532823486,442.48358028463593
16,69.07863132338056,13.370007315561041,15.614680879094989,146.87314267539296
17,123.98851121806712,2.6033869445940585,14.092363409380644,265.0951107688006
18,234.177384528475,2.202530844522625,24.26245619995197,492.4148879838211
19,25.726822336580042,4.145132744313819,6.7888994971451755,223.93222118540814
20,158.12625101674817,7.966752430248065,5.3847786956422095,370.9001502955328
21,238.5297850951385,14.27660003717338,39.63364377309759,499.5922245757065
22,72.9696621748219,12.978688099870796,20.041485229311732,147.62541221691086
23,146.15268142428698,5.207076643342857,20.59078366910039,343.3252008579987
24,229.0995262239482,1.0402697401982564,12.055778096680342,513.6819861111893
25,50.628972524627535,9.137764002352037,1.786874524118196,213.9750779702464
26,140.38489355496614,8.834050069892225,2.5809492384721544,321.5933290426166
27,192.594267593468,4.002297260979285,2.3580671413722287,467.3926323466234
28,173.87304540330018,9.251629577335226,28.123476190862227,347.43754230700233
29,127.58315774134556,14.733117405153365,31.188759112885617,254.1492694138702
30,67.11529076849287,2.5936107987812336,38.04927770994625,188.7046259643512
31,132.8761544909462,5.0646344147516915,39.22568488320537,289.5795614936317
32,105.64847855856357,12.795036488192535,6.047690468039741,157.80974409770008
33,129.80226561586534,2.8080358849432985,0.6041776470896387,303.1247613547029
34,104.15478872953638,2.3671475410491514,27.37557008764702,172.97766500341422
35,212.72113869112994,2.9943169375166985,11.68348273152748,452.7496699804039
36,196.78892649948713,11.660614481824531,36.90255608653554,458.26338585318547
37,92.2187757589123,2.347735456625633,19.506114047839922,168.2126805549629
38,151.70382650810942,1.8213064737632387,17.529138793435553,408.6050313346947
39,83.49128111605987,9.590878352997589,16.8230628900438,124.45022700492041
40,124.15387448567209,11.619037571631935,12.279035467179593,242.50081980051522
41,101.18502416721078,11.467023302500575,22.559132967525617,130.5291340773847
42,171.2018764393444,6.779992058412482,7.39273695792753,377.54673093833543
43,105.1807490872481,13.790704328505846,39.08654690712129,142.88082608363115
44,125.59138491502924,2.687691688647121,32.262276916819616,254.5049134244084
45,185.44454817707955,6.902062514316363,34.134248354822,473.51420542260735
46,114.98812069618195,5.8546637510953,37.83583658811214,194.69323755692582
47,228.4773519077979,8.419697369469525,27.309146545163397,423.46791027379015
48,61.503872416616765,3.302302796865715,36.07400745392974,174.16885230224077
49,190.4573407700508,2.633281928132964,29.539220726861846,499.3997494915285
50,117.14603003792229,14.758695856801673,18.967806518093106,203.72216896538572
51,118.08432171753674,4.880829572546424,0.8385979028704016,220.97285067292842
52,165.90736978578292,7.745677413678714,20.61302529067017,352.07655747780166
53,140.26842623651942,13.785891102536988,21.57955052255219,332.028585789256
54,115.42377504107193,4.888452024146672,29.455235020396053,210.29116836087985
55,20.328182529434386,5.81564229425842,34.75448479259133,195.32772931728536
56,41.220339544752974,8.665749329318233,25.14767671931577,203.53705242911605
57,183.16071055679893,1.486904439116435,3.4867881197505746,544.0185840624616
58,140.59948725599537,0.8389684361832876,3.6644814124938874,399.99433005003743
59,180.11690660890284,9.674999479680322,34.84085422702704,486.60102241106233
60,239.75771429067296,5.877779001300825,35.23772211606087,487.0470256676934
61,177.07018650634603,1.652767781007829,16.023155069053473,390.80692022861945
62,32.21959885478024,4.656247208681709,2.7310819103477346,234.36794269470425
63,91.03611751867334,10.555118190085318,4.294708512735053,127.97407617059206
64,156.29677808437577,11.514296315878259,4.5737258463528985,364.1048735385566
65,74.07769366921679,7.828244045819527,36.54812704604133,123.5705776790882
66,241.94332989330917,3.7010802112235077,16.254668387345177,499.20643415882506
67,237.3610914723426,12.672692592751645,18.549572584125787,488.223142273108
68,215.1322025926684,3.5115487356275263,32.76118568396206,454.4597057414672
69,128.63451914633254,11.4752754729052,9.736041160632762,273.079155616353
70,213.53964442663138,2.721747671649994,21.30558751738367,464.53768563130166
71,50.1554477400202,14.05537043936689,23.130728914188804,196.13759794782572
72,91.00874117850215,11.713876339319894,16.60236522074023,125.88691896661514
73,126.48917065551592,7.767976535000638,4.8213123057891405,260.2440979871775
74,190.62485615719734,6.795483782425661,16.952425903622448,467.66576971395904
75,131.73980260304623,8.80814834931942,4.481706927139353,299.40933325374215
76,51.4815073234137,10.08615774085866,12.696463676102908,189.14956844911265
77,99.01340183200242,8.58929860329278,16.013812033471623,132.70375332683284
78,94.61801902466189,10.589349049840619,7.613677391328975,129.07677366580523
79,89.09634799314914,1.771375183590219,39.89482020482015,152.54871867300898
80,58.06532210713111,6.5489598822966,27.595085247077993,193.30247614028596
81,115.42740769184796,11.425491841978772,37.256974681086035,169.31794693452318
82,123.06775122562637,6.856103826147514,37.28113328211676,241.55176180149786
83,198.22708643722396,14.574632040573745,11.477175483810239,456.93055607426504
84,203.16986117998616,8.242779809818295,5.799954153559823,444.08077644657305
85,140.14972944037072,5.0088175012491725,39.66919267542261,332.22788007213256
86,125.94496811755369,13.435221726296849,20.407531213109316,270.5506541178681
87,198.98912835509623,6.622183217155793,27.078476024126516,446.87916706845664
88,224.07645892612902,8.41969294757935,34.6586556713078,439.83367119468596
89,175.23131706936115,9.799925544962086,13.59596247406698,360.9582529917107
90,204.11018126964663,12.912118367936376,23.689697656492875,437.7457507011547
91,235.99561135840264,3.5368609446937964,11.96166954160271,486.9786715156832
92,29.35083617043773,13.170107822727054,8.613917672139308,206.02249393874078
93,221.40449672011914,8.819109471038516,1.3770634419950278,443.6817211812204
94,83.60950666376087,5.813444221012007,9.428002175996566,129.69841210515273
95,129.42583486757619,5.361054487168159,9.97345724272115,284.3472087035299
96,203.25502009433754,14.735821559105304,29.8884177699992,440.05886605439173
97,184.9657134233029,14.232657738712827,20.650167519635385,476.35721009433996
98,53.8439415465894,8.411248505015514,30.92541924118776,196.15420922524385
99,171.51209955945345,5.522346698164698,11.449229097734825,370.48995636663466
100,35.92797610226216,14.621238199546687,8.51788614219387,218.1773564534277
101,102.12624452116216,0.7369440074412077,23.118959063313255,223.2135637267383
102,206.95079653765245,1.2094161750367403,10.845490328071428,487.304905085998
103,118.37211159633664,7.555800101573801,30.15204112212885,210.07590913143937
104,157.96652063499266,9.01137108194835,15.277912636324228,347.60035584465663
105,187.47709512384077,0.5949434426493332,11.228322808268123,556.9081444350195
106,208.88234991050868,3.2186758092856853,30.136698347936175,430.0914680074084
107,194.9184775954651,1.7499670286348221,7.551375731807024,495.20759811278026
108,21.642953314169652,4.122133807046059,28.9942150750495,217.72528555844607
109,116.65907174468308,3.1517140706523574,15.592309348989431,240.02192979602455
110,126.52133014877388,2.3021136838224376,3.404169837029647,282.9743859221923
111,32.76488571592621,2.3771558651079565,25.108882658939283,230.52182145015317
112,144.53169038190052,5.88518609482144,24.369420345266683,341.17272559745277
113,159.78727283208946,2.366692609812291,3.9979249523430527,397.4797104251681
114,210.54423484910882,11.714617195652167,18.402367781248678,430.4443628530918
115,236.61613168403315,6.340350507853262,18.51034181925183,466.4835509340698
116,49.47400642062856,2.193964297788176,28.63516027683125,245.92330156171872
117,72.99905511435048,9.944572613071132,7.865882664683497,163.49542085404173
118,171.606431326229,11.928668695423065,22.38877044991055,345.8555660649317
119,50.469017427852165,5.714980626778191,39.69345835822641,194.08907864261204
120,71.53808649765345,0.5889518333146065,0.6272338695683954,220.50114636073167
121,152.2183951455043,9.927436096002719,28.665180696650204,360.7752917651521
122,58.99045642022811,11.432853840409473,13.9863830320337,163.5841490783747
123,199.912934804469,13.39472238509513,19.40923390039391,444.08981942795754
124,217.10439400570485,10.840695775085752,11.285025251996462,427.1322271847282
125,27.745067035655083,9.154250134307274,18.40343793097462,200.59590547236476
126,142.50830513704494,5.474722279875099,19.824008381475995,339.30904731460174
127,203.2988122120198,4.035592037776222,36.79937543431044,423.8336040788961
128,244.2821266661366,1.4406816088487364,34.930865060458956,541.094188013625
129,83.0794764347169,12.379902625423487,37.21552058762214,114.12463380270795
130,58.893244574038164,8.624406277347534,38.71235843936007,184.20449274996236
131,221.64121394177613,4.674495296807147,15.783729365142879,438.78304573754866
132,229.11196666499518,2.3074223442226582,31.23326178027891,468.20921506723425
133,65.43256457744607,4.681241713130492,35.600974489174945,172.96462602923134
134,121.55184082160714,11.487860709484762,4.680875338721262,224.72333870095537
135,185.4233925892374,3.628964042059171,29.04756435104432,486.9708510887167
136,214.4293865157139,1.2554889499444781,23.08103791161413,474.82699682355553
137,58.7033202344662,6.010692305634588,7.949793271962657,193.89496920960173
138,172.94286146809503,5.369243174935165,25.261108749014703,390.94401340890255
139,205.80215563809597,10.607074423261611,27.522659938605095,418.542957778995
140,146.43424778416733,8.562011615031196,26.148973047311127,342.0894845198455
141,57.88483151917296,7.354304101642041,0.2435093010376166,191.09244561483987
142,28.171625110983573,14.65307949328766,36.99339110920938,200.27679113264392
143,84.75277810515357,12.739765748731413,14.05380741794577,142.84553587729349
144,205.81029468431686,2.3582051424850734,32.0822171577149,466.0881262016972
145,30.296239994381974,4.101722555835961,6.171392444917219,235.13889188954653
146,21.88979615904177,6.580777455174097,24.085541822519332,190.54135565582482
147,103.17182897377317,1.5370893126940597,2.3201223457500753,190.06272195436708
148,34.63312571066693,11.493058465310748,22.274952386791988,218.33006368721905
149,54.38184976457299,11.638520490897713,25.89790765561702,188.96813823173582
150,25.333784662853294,4.740157766589357,15.49457851664613,206.94204076434437
151,140.68556245678533,13.627653570392438,28.729051360767993,322.86251545880737
152,180.24005750356497,8.511019049451662,18.976644368031085,483.3224307721103
153,118.22230339315736,3.7423977566404605,2.256880441473945,221.5087729178238
154,50.951205488278156,9.511663324959953,1.5600522780855908,215.4582071471057
155,96.2121585213533,10.252256425904426,2.0303334306194065,136.29264564313078
156,155.77954649045708,10.904455684058334,13.577662876757849,371.0825450046856
157,236.35212048116927,14.58448242244951,37.14514895059553,460.8735410617662
158,248.28827540970727,13.747833083376861,13.152881461919339,540.3381413179851
159,75.56867083038546,6.4925075299878525,32.60303155304203,131.45296493471497
160,22.433378595819526,6.761471931055,25.77791986891283,209.5294986146812
161,211.04727497857508,0.8400631417642006,28.115546358127528,497.50327407388335
162,233.12097568711303,6.5537354564596475,26.23166805077844,468.4651214195188
163,125.47880034663295,3.0686555335139447,8.072569928634916,285.6746234204712
164,197.4317392496469,2.242440061503989,34.881274244032994,479.3398552231959
165,219.22577783940997,12.329763699528923,16.72789453512985,423.3840273485782
166,160.21140361694862,0.8162908156911016,37.3933293217646,443.4523792608197
167,220.70425212316303,2.3713359092725104,0.6256225705396057,470.1369095486851
168,25.4976960127361,10.13328681524846,4.604714515494939,219.9594504907322
169,82.46690065969969,8.724182826263021,5.369129857315933,135.05303740044252
170,83.76050401968791,6.720920048581535,29.097097463381104,139.05174272141426
171,47.74545851041638,12.20993955004737,4.281423554848769,203.81758865732073
172,229.46409448629478,3.952830983445899,17.265253091452898,451.81214086353765
173,27.00103133309332,3.4959826561495384,20.541918126328333,209.14289359223002
174,174.68903679008594,7.948400895593362,20.558482173773825,365.3479572657008
175,36.40812806915768,2.0464723134730063,11.789103464506958,235.46838407946998
176,102.97951357060086,10.491635173608064,35.273574101446556,124.70877943571892
177,116.16289481584015,14.057675388843938,18.09908067692784,184.79164227144244
178,61.7229864831944,12.265649205338379,7.017583304856703,180.4360464262676
179,139.83324375490056,13.27752480382182,22.308418311268042,319.1713098893034
180,143.0481050134206,1.5577883696587957,4.505999906547329,370.68049705532707
181,92.92009284532512,6.648497920254747,26.777166126195194,136.63872427884266
182,189.53025369702686,13.592631908356886,6.9341673558139805,476.05565542698594
183,56.84655444240899,12.699774134334113,35.61636899233246,194.9215439134316
184,64.27689036076674,9.109984161602958,3.1361975116170626,182.44479874629866
185,101.53753415048939,9.989064650003602,12.393556592227458,138.72720317800292
186,107.02651068922644,4.35716712758264,8.632589082128192,176.49782522194081
187,67.4457469951505,4.345869631312634,22.786672306085908,167.11399844241367
188,231.30311718272165,1.4673190829339577,16.211115964787165,509.5331125341104
189,210.46152099579794,13.577991203768752,18.091743694907784,429.61591158289866
190,44.58165117902752,4.690335576804543,17.914053865381145,222.83233845713963
191,104.98176060188833,14.891272831343182,24.476986857889603,158.64207966058024
192,73.51435199535396,0.5990004428230895,10.478737225627963,220.68293658002315
193,123.74807867862476,12.087288886456305,12.87824629744275,246.15471090420306
194,83.55295282848247,8.124116968205584,10.3333328792651,132.0180756958992
195,135.4155849572374,1.1093084831426423,5.796244750090773,355.71266478397155
196,232.19872520793007,10.116253947900825,24.96953347571973,467.2418813254524
197,107.97756195386177,10.685638107591643,37.360692238428406,168.1054950135313
198,169.5295155845855,10.6444350344612,36.33651642390031,372.02608457255695
199,156.99285599468604,10.590997197011703,38.600564940778675,365.23471801965394
200,192.94931906270773,10.333403521425659,4.403387565078396,462.64316189534486
201,34.183025939069786,11.62990239838454,28.661159508428828,215.4920889573908
202,191.3094449468162,6.011528370796751,2.9846410237919008,475.62065645006885
203,237.6434632496584,14.386821790457647,32.611418347401646,458.9959832270481
204,158.8186968899619,7.500516840624756,33.76327321895678,352.9362251633397
205,86.14338668757705,4.383388625649778,19.17145471013438,152.13430079530184
206,174.6449202387359,14.896299412337214,39.48116940833367,349.9164220718145
207,183.7712209597208,4.553052297003519,18.539732469418983,467.13092552812054
208,170.98356590387846,6.890837144619512,21.646942921286694,363.7634039818348
209,53.79397260951501,10.617201574578347,13.527349127481427,199.16402620347947
210,243.89938070203118,12.073019698801044,32.74356108227637,493.43588379318686
211,239.73819391880215,5.09141595993111,22.551503220849476,519.2967179244016
212,117.6638725429975,1.0113788325197868,20.024009621399166,277.2070265003018
213,156.53658576404058,8.881750356733471,16.992392160404684,373.621885397982
214,29.114571989385695,9.083806310181714,30.13298934006525,206.17109447600384
215,247.38589694924588,11.078689352539767,2.886431761541828,537.1542546232159
216,208.31134830335873,4.284274360422397,25.295965954817166,447.2381062002671
217,166.39553875882348,12.400498821480703,2.919837320243337,376.84487562907515
218,195.04949117098775,11.722037982841641,8.685411375292187,450.92182498344704
219,63.246883573994815,12.99394511011639,1.3244858185806674,177.48831471070284
220,90.76055572135586,11.462156707544892,20.77919671923674,127.13304468670569
221,76.6705381857158,10.260191039219546,37.741904068980745,134.73213973646799
222,157.0912976287846,8.534727782367044,8.520863707406722,358.5512970999333
223,41.13811599766763,12.933042666613632,4.516331690464406,223.08952196932523
224,225.99029659943665,3.7764489630300178,21.0620936463132,455.2518551815714
225,126.32346669006736,10.142641074861954,0.8346015114982341,258.49918466170715
226,122.3068439395071,11.985572557636088,14.02645860877145,232.98414707989565
227,44.083599821846065,11.733641896778634,17.81258610749864,199.49294867466466
228,177.52792852382618,2.379446153306481,3.101044653614462,394.27922713455104
229,207.88561869876307,5.050977833238848,35.478668772635935,439.80956495060417
230,164.79653943633636,14.024942300789201,15.35787725323432,355.45283086718905
231,75.66519971675055,11.731285432429265,23.487471053154362,136.67510507614534
232,200.64676596466722,2.742933096841234,4.504867903158516,462.0958606961303
233,53.5062696781898,7.507549907270214,38.73360880918336,187.81581370311727
234,210.27355566530733,12.256862862325272,7.2712599782071985,440.8941877042153
235,153.5622352407337,12.96308612912364,18.6492259024285,364.29316779085207
236,86.55574666304032,8.039799417820394,3.5303763928393517,151.58424999743733
237,138.04598196406,1.9709754931223815,6.286037182470614,349.80100470422957
238,164.63582270486881,3.6805851065118302,5.430812239439984,376.3547408740547
239,79.47558467630853,0.8544390520692653,15.423632372372499,199.28469137808074
240,214.78850890579403,2.903124138205332,3.512934843449229,429.6719774865424
241,116.88835297783287,1.3863103100531409,18.67275283731662,269.7080397659221
242,225.23761516870337,10.65008275455855,22.6089134578257,440.6510339464214
243,212.157769063933,10.664008549514312,7.630513308509759,434.3833320426045
244,42.849928256715046,6.928075262187607,30.706331815161185,215.3134525996122
245,168.6384451732222,13.274001190495166,3.0435152262013965,361.25419591481034
246,91.41375029402077,2.6211718977519674,22.994794745372,150.50307637284482
247,193.43223530613022,3.313078671716541,32.400119956873105,465.21487517118885
248,144.80528121297823,9.36539373934952,24.56395750313389,328.7030710110669
249,125.24774116989491,8.157085508403414,0.17796019688556708,254.60548252374008
250,225.93436044352424,2.2716993168286246,2.9977848469853097,464.9220034170671
251,33.168318754038566,13.649324506031762,1.8396115381821332,236.36066329152143
252,148.18305394963522,9.516698078635965,5.1652312142953605,339.6305900549673
253,95.41955283823557,9.315305002093698,21.049662959351657,138.43601444400582
254,28.11286735209643,5.910119464661493,38.37065268615718,200.82556241179833
255,193.30925930167106,9.290003109320043,14.751634726747568,447.85720091984354
256,149.20035089584158,1.5368701973111893,31.54200475847244,394.4193441250066
257,225.6534274999296,4.8675059299872085,10.80968086586697,451.96001588824606
258,157.6000823415211,9.68397458589037,38.906176922260244,356.6372207108997
259,97.51788426896164,9.181338468857447,15.309510193159301,134.55854211767266
260,246.6005207372957,8.12734131976929,7.8052667002788745,520.9521284858245
261,46.61423164014024,1.2698829336423085,7.653398450877624,269.41994039131333
262,32.09840079312137,5.163612373438851,4.5696786248523535,220.38998179574446
263,188.5030391739786,14.775482423120282,3.256878394463101,475.9505416505405
264,105.30122683658138,14.176266195314197,37.06563512165512,158.7469650082376
265,103.13696808456342,12.393337125018572,28.929514018889698,130.3141579317673
266,221.6023959926016,1.4245459981732422,5.822212570042451,478.2311808750818
267,95.27753869853892,1.5655038282999403,24.08379214144712,166.56767947093107
268,224.46737728334512,3.5836766481957416,18.55912375046615,444.9308952632101
269,168.11723522327313,12.502474908696195,2.8843827417411294,356.08939616910436
270,95.68139509395529,3.45690193569518,39.51038360166959,138.4789272900804
271,33.692510514867394,3.766904318805152,9.466286093773878,234.04448204620059
272,76.37515110732836,4.275773513869428,22.93283480794184,145.53932394531475
273,242.73503627987537,11.131629591152263,14.415392600444568,488.3428595376189
274,113.21155725380964,8.149912801312784,19.503564849217653,191.9971253159336
275,56.8076961324254,12.977649284056811,39.632715580152166,187.3510146419983
276,88.5430473161963,1.6026057743599842,30.61283129501644,166.04831002604737
277,226.9024291381047,1.2475346211519815,9.535024213852136,488.0644223853056
278,57.94464456695549,12.770810660620294,28.15551588670762,172.23267412635917
279,198.90781531047472,2.0800142530805594,18.58160046348121,498.14971325562084
280,51.018865221286276,10.8666141135715,9.533264117426295,220.58134378129768
281,241.1205540907224,9.266245888147491,22.332627114580408,499.3618804044022
282,141.9472388010593,3.505113804953288,9.349133870980415,334.05799856829964
283,29.929085187429937,4.273088990561419,32.47493806769925,230.37759328846047
284,234.11957588024592,11.22632456819811,11.776770056057973,468.95850148338786
285,102.39187522559804,0.8145533210380547,3.943502000416017,231.48576254314685
286,188.22689414702452,14.357167232217478,34.51545459326693,461.02789263476785
287,140.45284340394213,1.1515065327633123,6.773623689301251,381.3620595321145
288,41.29381472334016,2.8441289457436474,28.332840226123327,233.57776510734664
289,44.39362014472849,9.779298188818851,34.747468507529724,214.86169188569423
290,54.321738658949954,2.1585087464310226,29.08148378206135,217.2108053485865
291,57.0760021198748,14.966293245449531,37.99185642921194,189.0201458220225
292,32.133832418635755,6.778474656555386,10.823002567829887,214.84600040393627
293,30.813027957567048,1.4998165573211462,14.918709041501428,250.89395075348685
294,238.13850809350527,2.892802574088005,25.41573966279126,508.3538934703669
295,40.99711169761129,8.362760054831918,4.699836670743629,222.6744269024836
296,136.9208854543296,13.119279217999654,39.53035538273969,274.2964515257203
297,47.284858685922515,4.227181058260608,26.39992478625379,216.63044768348382
298,69.40120577800343,6.290999964961412,27.189520199670415,154.66496846796034
299,195.50657673964926,8.750033019093781,23.348551172836338,453.26265720147813
300,235.7710088365203,9.93501240885733,20.19559258330288,491.7957524275447
301,128.03391978634,10.98746635818022,7.778302072203176,254.80132698195018
302,21.29764940136952,5.208935395466034,4.2211439630283465,201.51883231867888
303,249.81790932138475,5.874250741091528,10.177752243563365,529.1205730640443
304,30.987838917765238,13.167240960248549,1.1307100359730438,202.49102791735788
305,109.57301792702343,13.638218376754542,24.940766002861828,160.7939711821551
306,143.98304115677627,6.552295218810304,7.227248859380784,336.5481430604922
307,225.0986906374704,14.949971645537113,36.843733813249614,429.8401590265043
308,209.3157856819246,3.040048303980065,4.377581317656829,459.03418292785057
309,160.15892744026354,12.437726113601737,12.802633990281578,374.8872129348505
310,111.6785269244491,13.679392333409211,34.3660742067165,182.36480645073507
311,211.93010540732135,8.687616999106087,24.858736489535225,422.8132729847244
312,219.88342885030409,10.532869477584528,16.561155394814918,434.3027857996629
313,220.53812868957667,1.3714178095407237,29.260780816736755,469.1362324154399
314,185.0563801450702,12.718222877958553,16.032543036037342,484.7122668061508
315,42.49108911492098,10.405866234261257,6.262696981742795,222.4970098457254
316,88.67326847091176,8.887124121508835,39.18766638226943,113.91412701619407
317,131.76207287711878,8.927861536431816,34.89393458015892,240.75554486458122
318,136.16227445630847,2.819052707896562,29.516952084488743,312.5521137549437
319,211.5608849296282,12.785866205589462,11.229334832910816,453.192527511796
320,74.70245795167219,8.172309468089397,20.282135184275077,139.51066329249096
321,172.8558737762373,9.31478454056227,3.512533599830494,357.32643810524615
322,106.06597641616665,2.966188028137718,1.5265099224482404,184.1269679285121
323,198.360987242062,9.607858442947576,37.84122341215507,450.7149409967291
324,65.02809574416446,3.9561400762009225,16.718292607979176,181.3959471108424
325,129.62427748039624,11.554404982176893,8.739903070815895,266.9033198447246
326,43.81847348358357,0.9004750043681918,31.55426438644554,259.1563423054935
327,68.7577400505849,2.3041148585337474,21.038424151356814,181.4573096473455
328,235.09017785918206,3.561456757163454,26.461890930722554,471.0353728781537
329,92.69083541680054,6.313746753431406,4.330296920276546,137.92680017025287
330,225.3847109406996,13.124901703168845,17.8224083149086,453.2384497666003
331,140.5897101216929,0.5986395734097107,16.326513208544903,402.74039128623957
332,28.977624839301832,8.561108021854858,11.771629720801503,206.08847426095377
333,202.38578693678707,1.0220833971076089,7.1306210051003305,489.65614133347054
334,31.950085880472603,6.004469626451991,34.94509436923325,198.86931990521882
335,210.1970115237176,4.823374685077703,29.695955351823212,435.9229656186154
336,22.023795461064285,2.8800462337246224,22.544782082378,220.33166894526266
337,175.04560528973514,7.450345739119498,10.920232289084346,366.8573611700612
338,58.11420269160701,5.456404304403639,25.369748700327204,190.68532859836523
339,98.86130476899842,4.297043674339244,16.434389237625115,135.35692882951213
340,239.1328208029301,9.369440917284681,0.08236508405310428,472.8012250132783
341,131.83369882009623,4.043049802442456,24.900464532436366,299.31732160021585
342,171.20806858722727,14.594154765657487,26.63522242166026,349.930685982695
343,190.36907214014144,4.117588499019947,38.4944749921665,491.01887151478417
344,45.28343460355876,14.83398143254385,33.04240042191901,184.84925699023006
345,212.92302436552492,2.839896060762928,3.1509383811062186,442.4246134727211
346,230.20158590618686,14.273603542880396,12.665501718682407,443.4175538900618
347,55.746750040364056,1.4096549798303435,1.750327578801012,246.05272790111272
348,145.63483864579786,0.607660647571169,2.7255224308476533,421.494019546945
349,85.20617833306962,1.913521793212758,18.60395019466651,157.45913259216738
350,190.3487480977515,10.754057349383359,8.356328938170524,474.7761004601011
351,26.502190357224844,3.8734266795891346,2.430151088508019,209.9382463590741
352,137.88581079151902,4.496613440530013,25.08894155317483,309.2354094922569
353,202.34741673202694,10.263175455759853,36.86057242216553,418.99127831733983
354,188.98948879228115,0.9277455268507844,33.00948107555924,522.0584805379202
355,44.88228122973742,8.333815069354852,2.141883053696425,210.72202394324705
356,211.57622500876843,6.304914278427439,11.907548689499524,434.2891325760434
357,74.70336792692686,2.839694991038284,1.5126897647707915,202.7763210842687
358,205.79115517987117,13.72016726928782,16.822684045762166,417.2470969173533
359,134.33963132836254,5.725464373897345,37.42698943072979,287.091458156625
360,56.989925981577635,4.724422906294544,7.707881679912689,205.15787786088168
361,188.82935584041178,10.570310164414227,29.22497398400029,467.49543383513463
362,205.8199789920153,12.90437737735299,19.82613412797746,444.19859552705276
363,180.74726449676825,3.8064760809235083,20.786201017286118,495.36260298921826
364,241.91465797620117,2.3439060962517355,33.323276633335496,532.5311515599318
365,78.91322377736878,14.420454558661817,12.442189405028223,125.38457744989107
366,74.22533520953579,6.697885403731461,13.001231133243575,153.49543293117773
367,53.86292111666802,8.257369865138696,29.51810796696714,193.52601955601554
368,144.0634282886511,7.125630194868521,5.616714796219706,339.92937923152425
369,111.87322914871457,12.505309008873473,4.283462066409407,176.18348692027342
370,102.03227120435189,6.719487232633621,16.40619597744774,128.29417960350398
371,125.87005821432808,11.477400456930079,15.755719441281508,236.22017472115442
372,83.14471242368691,8.079971381681613,12.094414605086602,136.77566414444613
373,20.97988686296376,1.6554831053930383,10.152769314902926,232.34408180272294
374,128.5026584358248,7.885292063349833,35.21637477466847,264.04122580506913
375,83.45343879687368,12.906181986358897,16.388690955705684,113.31885713767323
376,123.45023005387426,8.201195944622107,12.357719437939991,243.43512670433373
377,233.64127622266656,6.195469646384056,31.47753665429496,473.41434039711174
378,61.171243571986004,0.8718027273988224,33.83759523867156,212.27106499059198
379,166.6212229415662,10.668775264280912,28.038906095254376,366.08034719641444
380,168.21542614036133,6.192702575852878,38.57005802495116,381.89621421812507
381,84.69743221802537,5.188474282780146,4.91449779824217,128.8389183463775
382,128.3042392476857,5.861669762085431,17.909587161848997,274.23661255444256
383,243.01067757520457,6.556681221997003,32.44343043877668,503.5494660105313
384,98.76582884226231,5.368547499452015,38.96741673990375,144.0424809184481
385,183.83939196400206,4.729449886708965,7.924908806153601,492.0545042333793
386,213.2504058067012,7.177237343469166,29.7485759500759,416.2233041821585
387,102.95895477490215,1.1760786984112124,8.455103621493762,199.58707948865782
388,247.68025083224296,3.773529052936209,15.904092147933389,539.2973558589572
389,163.9499253098552,6.8528996427098585,30.04274750689841,360.2641963829784
390,135.22661223660214,13.329214948873611,30.806105917965134,281.02913308808473
391,184.42872902643762,6.707899700167298,2.294135907899282,501.14859443165227
392,117.48088478930859,8.560445762256217,10.218066052402435,201.51652846434305
393,183.83514625402643,13.457094953626406,38.52294765742688,465.43673671773104
394,83.20454816695866,12.18444605414039,22.750875514175295,115.6302351362981
395,233.25791229950832,10.82829617123844,23.133452263873615,465.3070542609897
396,144.65145272476468,9.48212789708477,10.220345206521774,314.0227096440882
397,75.57938352506879,9.140288947871193,18.03001723425551,143.55670080080742
398,120.55523373924552,3.2626489054314156,10.846631420467133,247.76597204150315
399,225.8722043428059,2.4595067579762557,5.501820357805114,484.78326131095
400,205.62272338658596,1.307345414756074,11.39440976477633,480.37110634223717
401,131.42785896889256,1.8603511092540441,22.300773909951896,304.88574958794726
402,100.89138565027588,9.41723278531392,20.94219617218,141.68351945557856
403,106.53690524352686,9.322957833312788,20.97972563735825,158.41836190913847
404,245.67493224702088,1.040639383051448,13.75971492997822,590.8156709943739
405,45.808940580290894,12.65582014645969,17.44170168557837,210.52043739485154
406,224.4754959809181,6.902164700424656,34.948313103067,429.7788641568123
407,217.25004088814083,8.30736738846522,36.79917699247064,408.5312734255217
408,71.6093333655777,1.5660855715017723,35.89765764432658,184.6910414371704
409,100.3525088586352,12.948010641036664,9.402603880417733,142.1162431430767
410,150.99877394684964,1.6609708219510861,25.390063636178965,405.2083239262746
411,204.55032186025676,3.5595230847653117,30.709825461516623,446.55601403683215
412,238.60244322777137,7.244865732508336,13.104595424621435,500.93610773892135
413,248.11600182411323,7.715912418921707,19.08371486348887,543.66242895004
414,84.6832925829118,8.231735931211023,34.250670703556374,114.22883265378583
415,64.24362209839566,14.072611412945726,28.129498357547487,151.65099237512928
416,132.17678511352227,1.0071093103328814,29.048515463778987,329.53027372239455
417,148.2396972148357,10.30522183254783,3.1916184874091513,347.42472461863355
418,171.04207649045324,6.731848399673287,2.1119836863815555,361.2282894689458
419,44.745960432297395,12.277462664402913,27.577851289863563,215.46188912489157
420,168.66188445168527,10.178921568752065,22.9088946009686,369.7936141935386
421,231.91718855601775,12.282807613572713,6.840287219551704,472.4829106848871
422,230.4962456007945,13.021158192687912,0.17580092577542672,460.38780703470377
423,237.06801983901732,11.815825802710156,9.414556635558974,475.2048158100144
424,232.1381074323333,2.417703780343687,24.91637951704865,489.48612394571325
425,240.97890032100773,8.289733014485286,14.495970986637335,487.7187675748317
426,31.199283536760376,11.712794160037863,26.01728310996856,211.3721219295159
427,230.6841838615212,11.728855712892225,6.125842593723485,448.96688381921376
428,82.37894581518377,13.942389612018482,25.93860421129473,136.38184627624207
429,93.75311915721576,6.530655082176274,4.467578480582697,108.36293955379644
430,125.48127541803146,0.6299961869152455,35.82923663007836,320.528822729876
431,239.71449085175598,11.044954376272782,10.247603670555128,499.9144802505902
432,159.1704476108179,4.53337160041084,0.18203667640564358,380.4549403684708
433,101.11943982996848,10.006302417923004,32.03907488353143,140.44511378756005
434,106.05625893713648,1.2102775305918778,12.83342216054971,213.6003141727805
435,228.1335524293285,5.652922365209397,16.366435470310652,464.37520941459707
436,209.13994069427326,9.680786215955836,5.774042952415774,447.8879721372399
437,51.633675654274455,2.3277458388767736,8.13301079351588,233.34018064804678
438,77.19682921614877,5.098450464779817,15.957554663093315,159.35541907085926
439,105.54739624592513,2.603087460756703,11.651751637431138,176.37378875990652
440,69.85065776673977,13.42053099371267,20.214786604991808,154.53080766610418
441,149.60080312413206,11.72753695128961,10.685880214587984,355.44656283629064
442,71.43691478757556,9.758350308659898,17.484717972816725,135.2625442590177
443,152.23263418280936,8.039079643887337,1.1644969437986896,365.0632376107542
444,235.2856629234233,14.675271708261024,20.133701620183928,462.1940517558379
445,215.1954743727248,4.249513845406087,24.037777890571725,443.12823948191647
446,42.83059650899065,10.729989400698884,35.93651545709076,199.52216113784132
447,67.58810362519839,1.750537719288887,28.624053973271227,177.61013024743656
448,114.93232572071987,9.513504433238548,3.148541111210581,183.93674423362364
449,168.60934263162693,3.3322469311811256,14.589065519150214,384.13799224989174
450,108.91026345202357,0.6364985348167355,30.36946857425915,237.9860665468612
451,77.87084471824804,13.683522238560455,28.72847990636994,133.69096054776114
452,99.27157853960975,4.550589822463132,2.1400911068114326,143.6460991050878
453,66.92312490185195,14.859335353848268,1.1286269700836415,171.65630247092415
454,218.22934549021707,10.357315893495114,19.833522957929766,421.28055217625007
455,180.3678938389656,10.227565541108667,17.90110696215022,491.0863348649359
456,114.53669355336685,10.264651933375344,5.490372096454661,203.94018949606695
457,181.0992284882933,14.88928282560089,10.593054861186491,491.5036485689632
458,139.53774302010703,3.7584893333628075,13.981972669815853,310.88552108450415
459,141.04030856647117,14.820765684994727,31.487902184199047,322.61385640542096
460,104.49178994670923,5.16411710060575,10.37400102431064,160.1042056293084
461,132.29022247163064,1.866833944596882,32.226900614692205,310.5573712358034
462,246.66873558993495,13.872604587321076,33.607256572306625,530.4247056600041
463,200.42691948193203,1.91051997192994,9.873766542524315,474.78255568122813
464,210.37106730990104,7.39173707506885,34.112296942861605,430.1371022072687
465,48.60552582756179,12.59374421059562,3.230341733514588,211.10964003989318
466,135.9830161094704,4.510784753853135,15.298940230156525,334.5025593864517
467,104.38721629247442,10.943420256331642,3.979364553014846,136.54942271523254
468,40.44860326733516,9.807606345384569,12.926778886086744,219.32466355356112
469,110.91371603436006,10.520927909831975,11.326390581752959,179.8722876401076
470,37.063165188419404,2.685396790574438,30.451566332141,249.2548281588868
471,73.8245343270069,10.69314433578658,33.29070414635625,133.06377197267682
472,203.7154235878702,12.675445385662805,13.35711086234712,429.0952771569594
473,177.8300195361122,2.5494165115184932,13.56736385058717,391.82631851916585
474,180.66572681971647,14.429906888594259,38.58737986327159,481.54661592031937
475,38.25231169408714,14.300907455935643,6.496494301222082,222.17790303483747
476,57.71592384506204,5.123640930037465,18.92488862431129,191.00313028703823
477,24.96435313629945,14.352615324794236,23.67730657351208,202.60991727272702
478,42.42834118930671,14.107436839363665,26.315448890258438,197.794169525025
479,43.28032455846677,2.18999913779902,6.141373629352009,244.4381267661376
480,240.833279072853,11.288478054128603,12.684259027651695,494.8951312456578
481,225.60879059840684,14.455538319645838,5.93150271118029,443.29900207398623
482,66.97841506728892,12.442301649950776,30.277585106186876,165.95886163053183
483,78.37697958275245,2.424223535520132,29.102410860605804,164.0342341140855
484,241.00190530123243,6.414712408214031,32.87360634833375,499.62043670271305
485,151.0994588388708,8.678079816837323,17.175513228066734,353.3335232762159
486,104.76035731863436,5.885252878908151,0.7561355179182838,174.10184044455235
487,127.30518703927451,6.094074298048386,35.982772437951695,247.18502471770068
488,82.60828819590795,1.8979581430725132,4.222827840122028,168.76020121451052
489,154.22277439756093,0.6029935590433615,8.966145461014058,420.63621007567286
490,186.81251914965003,4.939168616774009,1.2309721061160728,478.4744711912844
491,138.5530988197861,6.640408290914307,15.817129313773295,321.6512764249603
492,208.75325694386208,8.892625410195311,27.77231707451258,424.96235613163356
493,46.03842306402484,14.352650862748755,37.15543706576659,185.1588065015809
494,158.84018398731973,1.7972460374131405,21.92820615528263,403.9566693728814
495,247.60852838025681,5.533451269866207,3.493696107113644,535.1735616278424
496,54.288181469537996,13.116529724718088,35.366951909681966,176.43275804246073
497,133.85829527102862,12.47248677409574,3.9398262200198664,294.79574424058694
498,164.93341542160104,2.123255825728351,8.157512922992591,401.2213197037438
499,97.63176664871379,10.299063605259018,8.804769120821824,136.27260116643586
500,241.8619834280705,1.7962084001635372,35.44225153714888,543.2319582694396
501,131.644393769188,14.212499341859447,16.386513402497172,270.4847543974702
502,130.10069785307826,4.269560560258663,33.73732601470175,286.12429567383845
503,227.61265201806572,9.288858426547085,22.26805663427311,440.5193623551883
504,23.659394586221158,7.3235016598641485,19.114757005217808,196.64512141132803
505,219.84358656463203,7.923198187499505,31.480165570333092,439.07513438666126
506,49.686882181183286,3.602807990933947,8.437530736230823,226.18832194003718
507,107.20873619207116,5.702254617077865,10.865127200158597,163.2609414618483
508,132.34491919912588,4.5944977660259845,36.45664840972794,282.90152096767923
509,129.60850029060146,9.427968107068232,24.15330253531129,266.92762055326267
510,29.063968378667127,6.623761780856145,15.23041165930728,198.80541712669927
511,92.93463930068582,9.078401087963645,25.16810781668041,131.7890682139536
512,102.06277878448955,8.281593591332395,29.970896784024585,140.98462002378702
513,239.92124517870715,10.156920387787494,28.482057750297905,473.79124750164846
514,230.9066362450759,14.64509161838919,20.230647821835653,443.3682690387262
515,154.4001858652175,8.236044477199291,24.960727676197866,367.2575756692173
516,234.6745721355823,8.42357577811432,9.469134044695359,458.3602515345612
517,218.65385276922683,9.403679156593675,19.28163930057318,449.0255273175805
518,106.41622125680097,8.437773159171972,35.31163709708788,142.1757994691155
519,46.90237574280424,6.463760009669278,36.570424337860466,208.4100629941214
520,159.64163578703798,4.06705606868279,0.8721975783081204,358.1287622793152
521,94.29217101559175,8.277896500507515,10.176028703331955,130.85753935610936
522,22.24077566967501,4.067725269790378,10.463485138938102,203.01248641789243
523,245.67125098864355,10.062186393099944,13.094525177700964,523.8838386916657
524,242.9335019532698,13.35188723329632,12.145886663471149,507.17132152457293
525,143.46548252918737,12.101785877008538,11.24916910105576,327.67756102404616
526,162.18271151047531,11.90305741435585,18.930727795737162,387.90245541420234
527,173.83936440503837,3.5916021719352766,9.63819641728283,383.3301261313047
528,233.1039030801317,0.9874869317553197,29.208582911771988,511.2445514526844
529,127.52699594673386,3.4543369977433493,1.1519395975030866,281.16077648966245
530,154.06198058456306,8.767994955619574,38.51476689999937,324.5804674359187
531,72.10412099586713,2.3102382416927023,7.5386859769318315,173.88543629449396
532,75.75159577615767,1.9525562362568822,35.77567506998031,181.81658379085633
533,140.0858047861958,14.968795836249887,27.17376014014186,306.9622465969733
534,72.71713882435407,5.638077008572924,35.36101191270283,145.78907895531626
535,26.95814064891399,1.422112597025432,17.396725144924496,242.40468405153683
536,104.73383068070983,7.916810219570035,12.955535576891965,161.9493843643125
537,192.4873831514071,10.612773418042535,24.41893900594519,459.10421044752275
538,83.72614204296855,7.173734764816915,7.820234676128113,131.33139178737756
539,218.4219058522586,2.4048319616798466,16.838663887973887,466.28317002896495
540,181.57554848863685,7.965141553911112,21.669537750565798,506.35503638320506
541,170.26339510405134,1.5018084535918867,4.9388962502454925,420.8421078005685
542,225.27112240772144,11.091085308358448,32.05543562700147,416.22904834322793
543,36.976537072486096,14.11616585273352,18.334531743478696,219.42474614600584
544,61.116041886146206,1.1079092890467255,21.27938696712047,233.46978326888018
545,229.13215116565937,8.772440308176758,27.15634600058632,434.5063797450098
546,228.61859666855185,12.547484686024745,35.93234023656364,424.60591052852016
547,38.00146885665261,9.788140756019983,5.497395240957035,215.83625244597133
548,198.07325708770085,2.661818365135224,7.670219135042209,471.44965466394996
549,23.549455550484854,1.488321709833533,4.949685358363136,246.99072580960285
550,51.104177274765576,7.133461008204603,38.51623807700805,189.0008706713955
551,45.24493194955336,1.19978665309474,17.251005470625902,266.65292826833905
552,87.61898289822803,12.633870526931778,28.726058178807712,123.44642975274557
553,109.30173674803028,7.986443879804164,6.656365742654304,169.16910148013574
554,229.50098878229818,5.093089396675988,37.11997264028814,454.391308912054
555,120.37149693777972,11.678101557532365,5.0212054198594736,215.86252387381037
556,48.48528780052559,3.6107048479187323,27.012189110176912,202.80813058139466
557,82.64021184466874,7.950468703510636,1.06573218625166,133.16287493544726
558,21.466670463294996,7.839344946310422,34.57114797062586,195.87889377792084
559,26.451362666123615,2.008152618236579,15.530129104362604,267.64210583411483
560,119.1457139349785,12.11347680008894,25.11904537404805,188.1979517727545
561,137.80330168410853,10.630063900805531,23.97375352940959,298.6376170746538
562,77.491164154193,3.3854071972897914,8.10209655962848,146.06983124164054
563,107.37525583926562,6.747363716795614,18.1798922905675,165.52847349307922
564,43.774863719054046,4.985126655265797,0.09798793788325266,216.60057065207386
565,171.52895920812625,14.091535524323966,31.33213444511879,357.18757747416123
566,110.29928120756115,10.183406847467666,18.213290064817652,181.2061156822411
567,57.150887879171584,14.192921415516606,11.103390126656336,179.6655436790403
568,134.4005351958305,11.617555118514444,15.746748560059963,289.38337145081164
569,67.92621314317616,11.978528623103625,16.31826759708995,172.2906642986569
570,87.18973393224577,4.997904552669122,6.379543565578145,144.1343493148961
571,48.559199558126096,12.806341926703803,14.653853946115913,189.65193085947644
572,199.56801296789646,5.35426000423154,27.060851924492702,466.3487574553696
573,84.24250250340434,12.491188825292452,22.377033452575446,117.01193534108012
574,239.80563085823766,10.792582874589364,39.68450530065819,485.22460599321124
575,113.24933950627691,7.888896842087804,29.949325974224145,177.64842618873163
576,55.69473308688588,2.969892447562551,33.1359847396776,202.4107886322106
577,182.19898286848812,9.212574760945127,5.883789258115977,485.1865823653317
578,188.71837409949276,9.555379477540386,20.815301621682405,475.85077979773894
579,222.7035185853776,10.440539969940627,9.775583292722057,427.3699329754563
580,50.247869463863594,1.4617252466208246,9.554971529143298,239.55926131343026
581,201.6737705878611,4.1187899195865825,13.168547295017525,445.6328869616618
582,217.7445901161796,8.633764889223558,22.771919231778508,425.7564439224069
583,90.03920789505315,12.860911277675138,16.582745518688746,104.44370173901069
584,124.53090177057919,3.8712655786326655,15.927999394801535,261.99802324264186
585,162.51765057963956,13.50682411244098,14.615609990690741,360.1490360347334
586,76.46802296310273,14.639853045655398,39.45792601493428,136.317570008235
587,220.41186151526608,1.7895991611922284,16.896990265465778,483.6544505575278
588,180.81467862954995,10.998815686025008,36.7402025880661,489.0040616936622
589,217.03710054994627,6.263752689284448,39.71823029682887,428.5888573252426
590,123.48046148126944,2.4995225313326888,24.845861633408536,255.69029406013266
591,139.36962347453397,3.726540733222765,39.07510089584243,314.4989370262148
592,64.67852235692673,5.740008840266056,39.99117790122598,144.49578556696952
593,92.22560776704852,0.7597974144201438,32.60004934679199,187.30082250016696
594,187.7877966895818,10.57121830913598,28.59963798325644,464.1828580176722
595,240.57178897857557,7.078160063003852,8.844056051807012,473.82725591665775
596,54.98365973681393,5.5165175116317435,7.346471375357813,202.9821450425307
597,31.64801137863654,13.080894278076222,2.12199685070404,232.20174603179765
598,35.51411504751377,14.512298970669187,8.681710618820357,221.9808617661938
599,120.1585068290526,7.145607347489777,21.126932356224,230.08366986468502
600,202.31439378289002,5.005982458151227,17.488268495620098,441.5985442717154
601,71.72177210905025,9.24676798803604,30.191682030194134,132.98502860534978
602,129.74037642089246,6.380214237677419,12.040289210050803,272.58986571855723
603,138.54250224259857,13.428169111337004,24.82212743094101,303.05186110770273
604,212.6715515577488,4.681872310098965,14.436948690273042,423.89208911986526
605,57.727637606178185,2.3573386407970225,8.84460673864329,227.46178013676035
606,23.38527939857473,0.7183960963826481,31.037367488528865,263.4676860579692
607,136.53065743489788,2.969690673244198,11.706797806205817,317.35148967072917
608,101.70656085953816,1.870352341498843,20.755462209669005,182.10066558534888
609,87.19803644706079,13.705401807043042,10.045215648312848,124.73765425209126
610,197.61453241501428,10.35871318156042,25.935568676243772,450.4510279517332
611,177.19742641752012,8.924859762848842,6.968809761529449,370.06295655952846
612,39.305543966414305,14.198903397470215,2.509530881473019,213.7581106605474
613,146.06377342706435,9.462898915561038,25.07388238890782,324.46686390282724
614,203.5042623954369,10.73861614280937,19.775187998280288,447.5632449834462
615,229.22739761929745,2.798675429449939,26.039237509440486,494.009752069402
616,20.0425313768861,4.670058858359625,3.1227164012379482,193.7232283219005
617,205.7365226977348,9.452723131324763,31.09822897726215,418.2124410352069
618,29.947023361935532,12.621122078463028,1.9324105032746708,202.95151115577985
619,176.88773349443238,4.590602626251826,38.254299243532856,354.2747266013391
620,157.54163383963083,7.078295102789943,37.570497428514486,361.3631424819662
621,238.96374721519902,4.59016511293924,32.03573988929775,487.8804596142426
622,165.3321912152452,4.6948033407642,12.513209016954367,385.50036840678104
623,36.0859847393383,8.835585829849915,25.82628290975827,206.06454713116594
624,174.19153612407794,13.825876014184589,39.67349498439263,343.3948604091354
625,78.63169582919463,14.654042386683315,28.682009738907837,116.1046475363958
626,211.3471185129908,8.703871368639255,26.42099253464417,437.71182820456124
627,27.236280679438806,0.8504959412435645,1.207233930551408,286.3470295411916
628,94.55123946745628,4.507467630457285,1.4535865878415022,156.25932378493172
629,175.5802540054056,10.007799423583803,25.141382217117755,343.2224353563229
630,55.79600403219624,13.909739175538709,18.60896131515006,202.08288240649205
631,168.64256212881145,2.618176181440776,19.616507476159555,393.08486618205234
632,180.3617052139835,12.513978501254874,7.667283772801339,502.844808533115
633,188.76886294168975,13.252334367222302,12.202928753511092,477.40169707957216
634,221.32709419474793,1.8019248273483741,35.5941743230201,462.2514812919022
635,115.02820669195526,13.619823684380796,14.598218539572061,191.24085850292877
636,52.771083902985396,9.132864676280333,38.83471255107609,175.64505952227103
637,79.87151398996349,12.769392164791059,6.671978071467586,128.06874606889363
638,109.62764233181015,10.268329281667937,21.271239672972694,165.7471238907354
639,32.55284114062554,10.341127521403584,25.531116237802944,200.05051798394896
640,182.96623084235,13.18494252005184,27.44373903421803,484.03353587972106
641,34.49244898804812,11.563040874811195,32.2176786840008,223.60396972025697
642,33.273014162545884,6.4272265380033415,30.250227239492297,209.3660781765988
643,234.47489356101386,6.045810048354179,32.717650310107665,456.84037512041476
644,205.43655201839354,14.546154355944452,2.3639587401202755,427.19118830288085
645,78.34664076713506,4.3273186869140225,3.2345305091599963,150.16650667046136
646,98.59286111544908,5.962806725543161,5.324137481462663,160.86980080256708
647,209.96153095428045,2.5872430340063217,7.920242254140595,458.1255756264543
648,162.42415687142108,5.417101204134247,28.727087876291026,370.44963843936983
649,80.93105172822533,8.970777250822493,21.515111206563695,116.27408868693273
650,123.27441506619314,3.310682369687819,28.277251474868763,252.11762393727776
651,216.77870508288692,6.674948017181468,23.96687631261901,433.51701504797
652,20.159011105371167,9.32643355699781,22.387619579754737,181.82436753310137
653,248.2505892845312,6.087326072192847,7.427661970566035,537.7057078413387
654,150.16471281666037,11.449993660311774,34.4088172974603,338.6704148933089
655,61.864617661766694,7.97295768004325,30.913348409082406,177.81625540461738
656,204.0443453249188,5.21386055139119,30.240303522780877,450.16088929152505
657,37.52489324630895,11.009294390986915,37.27055093177843,214.12051597463474
658,114.30001825506939,8.532764421775365,15.818103231586331,195.6362412583612
659,151.8204205516815,7.048686786685767,16.875589029205482,357.6433793966123
660,76.8547001048549,2.836022695823375,18.843745777544353,152.5841315641763
661,223.6035480106385,14.809956096842228,13.98857918554726,427.644187233456
662,180.2856288726059,3.0220042736715884,20.448516975100684,509.97045186565265
663,57.22047194624414,6.076895657908317,25.048925651648837,189.04988562635765
664,55.09788539761366,8.990705009674576,23.496730969431667,190.0973592176971
665,34.244635428108296,14.032611710502328,7.057246245525772,228.17163777868393
666,151.4446582458462,4.870777797227023,29.008224589910615,365.8205245066675
667,63.071412330431905,2.1616939581491548,2.8239194311882176,222.43974143561456
668,144.8860155019887,10.747453769725189,8.28862974034334,344.97753664791776
669,208.47866996833974,14.28884764346966,15.867291328356107,425.60496572085003
670,222.21255477672443,7.053407499441312,33.07161979084489,430.98893658357787
671,46.760577418818485,14.971110840814823,10.081973708504929,194.37825867905917
672,96.41460804389867,5.16819077505473,33.098601263433814,150.240482337302
673,115.99641500407198,13.268469538143895,23.223629487763333,189.20638805601257
674,108.18601960806393,0.5209792286023976,27.964684120165003,232.9223966922589
675,116.33066021446402,10.353831202475504,11.853699123326408,218.59715958507104
676,125.79712071129238,13.335295582423164,38.84239560450721,229.11217821965295
677,194.00656795917308,4.559013306363793,26.038416042553223,457.15090872453334
678,90.26863152650324,12.792284665900883,3.218650305941635,128.31698795881073
679,98.98759542316431,9.192037343383353,32.25393225515977,126.41758729124732
680,109.75628905798527,5.14280646744041,18.691328763385044,177.36348600634557
681,54.78024699350262,1.124042035612952,33.39137153335383,246.3733328043931
682,164.98588962323336,10.093671592929502,28.02338044036295,370.2374936367082
683,112.0565852927398,5.94285961714103,38.648856143685045,176.46976755985008
684,230.71509241324364,8.383510763813318,36.36720002236465,455.6332758211021
685,208.92565131389497,3.3800920026231607,26.65913046357253,439.4915314420566
686,72.94137789463097,0.780612919224188,30.61709828980062,213.24293477341524
687,75.73221360397824,1.9044340104967623,2.402115570882297,192.2447309969866
688,199.92223604438996,9.793315126850702,31.79554288189093,420.5185167465093
689,148.77399973300223,2.3478936123230616,29.410455216125925,371.47416196772224
690,22.348462310446024,4.81434595327717,37.731867706615915,198.1093633104977
691,164.87310211024803,9.083018984968428,30.20319320728524,344.94403601971186
692,110.82996984012603,4.458931085276488,24.67764676090312,151.80407940710717
693,200.59916602167542,7.354811778920734,31.1367077320672,441.40137968960465
694,191.77481793118778,6.481221383075634,24.09541883960634,457.22516577331453
695,232.135441964637,11.770640797238253,19.307831696996214,465.23423933378734
696,180.8357733908045,6.349413790243937,39.192268068143406,489.1212305872669
697,229.98507497391427,4.604299526123741,19.76945364196437,459.7610297820909
698,85.47060829205111,14.796583977190808,4.0401789729887705,125.40883652092447
699,97.90460868235184,3.005723197976626,1.824905327023969,161.43998203418002
700,33.616194422191384,9.784838061476355,14.75591455313542,207.05899487079748
701,219.395305163165,9.543768027424244,18.251890372532994,423.45938155734854
702,55.47004521566054,5.569047632581377,22.25165305824101,202.57236741286775
703,146.80348779618063,11.28303696439697,2.785583667667826,342.7342198868205
704,137.1149393396529,11.429519954513783,22.015723453975042,306.5399334402395
705,207.20506815743286,7.407248025651292,38.34129343510509,425.02284904071394
706,109.2375772744689,5.184415014270233,30.067885451181787,167.5189091215028
707,52.812874589050296,2.142144265833066,28.135977118975543,217.90481711319606
708,108.10864057955983,13.113606127105749,20.60886695089017,170.42107030332193
709,31.051498761830047,14.765763192057017,35.37413609339487,198.34160715015787
710,89.33805703278367,4.566641991486485,3.6360502685618634,142.32471680110268
711,164.90062381019635,5.141529038639209,31.09831339990711,354.5796079605711
712,33.14292313579526,9.863900404681829,28.530801039637662,214.2297140617648
713,247.6301320841474,11.792982941229756,15.132336492591921,531.908013823235
714,143.32349045468987,12.757485052746855,19.621392323569673,321.62594235206956
715,89.01652623529307,11.634199275456742,6.079695624402728,111.82260558585956
716,211.77106599368759,10.366020760942988,0.24957143803147286,429.4791464635786
717,51.616991692044294,9.518966953277767,13.430324331454567,202.23017936995456
718,94.0517135514261,0.7091977005951431,13.523529540659771,193.6473420426407
719,235.54450183352733,7.601327122715003,20.820735172240937,465.02477010741995
720,75.1846089421521,10.773868502748774,13.834757655063568,149.13200188598796
721,188.56514325492884,4.889544416475975,35.57356445309688,472.78152285905463
722,38.61398797684539,4.080133465228306,5.772610189056646,228.2322422484139
723,142.46916626464827,6.485556380298557,32.95659690121714,332.8552340593611
724,171.36555442518895,8.392103106272613,21.772558415595917,360.7532096069824
725,68.23630043119026,0.6598489338967444,8.84937437262305,222.71900814374965
726,95.35492795632587,11.397759259740317,35.0417019915815,132.90977699167416
727,146.61708764811658,10.775454210458424,22.12284735658627,335.3735537218589
728,155.69654045805282,3.7593982744844494,3.864879856295844,389.8206648713512
729,55.47003790882548,4.104570066798797,34.6657164154893,190.99730960381726
730,114.47817006395199,3.0300510550352273,10.898444696271433,216.73464425509792
731,249.93859325848032,6.471517176251437,22.8634080709761,553.6091035498572
732,94.16003692018012,14.417890832296955,27.156127339788732,129.33842617552077
733,200.6318939167556,6.164075844754339,29.75979930603245,445.66069606542726
734,66.37120236752565,13.926584332305715,28.663182666124072,161.40723069659697
735,126.0746115943247,3.128134577129127,33.263228684600804,272.29102305427807
736,139.17899743972873,3.970945559254669,30.820485675164715,322.2560520492757
737,157.0842066829867,7.850548201891405,7.5472055971813035,372.5565511963244
738,185.06018421092875,2.690577790584653,22.28421950622181,502.74767874390886
739,203.05938675785006,2.1430927848756745,19.7490071400756,487.79401174852524
740,181.0381145268999,10.215123036616456,5.329723320939532,486.623714550257
741,205.6561197172795,5.464694012138526,17.332399238761727,445.6548727542062
742,223.7711908775009,10.632150096320608,31.068028933011703,421.38103778639356
743,95.00743556625395,3.795079035650958,17.78183831948568,148.97137483261926
744,210.28114012644053,4.847247867185485,15.684523830791353,448.51903462104093
745,139.594982688767,13.44616790933719,19.05255169894005,302.3330452488017
746,79.66840923114536,8.904961250662435,22.597771064642757,147.61952983657847
747,59.80695201229154,2.2779418666329203,30.596395111339817,197.0666022017142
748,195.82327151382327,6.599590019638487,34.13072485157543,441.57286844907674
749,166.42555055935023,1.951077302708121,11.561675699097442,408.47079342541775
750,36.26821484881582,1.4604387771363034,10.546438853640922,255.235255898981
751,155.1143568470389,8.68033769163275,12.640617857641217,372.8576783063938
752,30.245722497641943,2.1202488101134085,34.60430886213498,245.18129261559358
753,109.988891622638,3.6083364617425526,36.02245931258399,154.17136820434965
754,151.36708472590857,1.5526640771643967,13.673191193799168,386.11789663520926
755,169.5447705707164,2.1135109072128513,33.337518140171845,385.9249870875531
756,56.30613383596317,7.002183771751813,21.773298692683337,193.7081063737821
757,30.31242701935596,2.902063233328117,38.31620269894714,217.49157961147688
758,152.4854657774789,5.05875865947208,22.800862048420786,354.7545231711245
759,208.32037889221962,6.809858735618061,36.165867880628745,431.51680394961124
760,203.22067513818234,3.314661099685982,22.179610402226988,442.60743405467554
761,102.72177505309101,2.455834799734855,13.965537631419505,178.23166983375134
762,152.6987569388771,2.6431515255380567,33.96755599088083,364.1780612522339
763,185.30051232848447,14.1484346635084,13.493869049654887,490.8709239980508
764,220.83332986372807,5.556269675339413,31.543767860986485,445.72184757007005
765,133.07427587836338,7.106362979248983,21.226799885649598,273.6625397435297
766,221.36502638258978,11.417687897144601,12.943608606501922,408.78654552168604
767,93.07764237598676,11.914027544691052,19.04877429356985,109.58685511823278
768,70.42799248647378,10.587992897106515,36.24390936711351,153.78954871768792
769,87.64835472455374,13.433214661148437,11.895273697371675,120.2052998278946
770,187.84650721486307,8.223536535879942,3.4529613141297455,488.7709582492476
771,223.58229506176104,2.906922975534815,36.15477605989985,438.74149696204495
772,128.3719034707825,9.37725628810329,4.720161218736325,254.83068292119376
773,180.06107867617663,7.059962529671865,9.237199636919762,497.55435204040197
774,51.92716351094739,12.529223343558424,19.187673118574217,208.53091478576368
775,136.70873559673137,4.022930130277095,31.194307756840615,307.63081312846623
776,120.01346295278003,10.318114972269003,39.10162917604985,200.14380926053892
777,119.26897979349218,0.6460606803038783,7.4731910177150285,290.82029518251534
778,63.25027237100865,6.054407949432132,9.29902899854206,176.85405039383085
779,163.23964020890642,5.518451867610241,39.8456657794922,371.1805287848026
780,174.57663118809828,1.8682686866587483,22.511506372898463,391.29163903525813
781,166.35447744235253,12.402643148557102,34.46868498349528,354.6131975909099
782,190.8339533948987,12.489595800349461,14.620888120904398,465.40406696898634
783,125.39136047330898,4.130600097291807,11.599918723524013,233.85287247660892
784,216.09788281469432,10.817772012080008,35.0006569095954,423.07301483478767
785,151.3788058994337,13.580244315463965,8.267083841642634,367.9151792959335
786,222.81630094702163,8.911242947302975,10.615303966132288,441.3714045540488
787,114.33559323307657,5.847088666291665,14.7372094687013,185.558183232869
788,181.03188242856277,10.393370859288902,13.401961798735652,477.5293364403702
789,65.2651570705572,6.234435274134927,6.659792010303014,183.74627886479047
790,39.105409604449406,8.786017653467317,11.589182917706342,213.53919799544968
791,234.24555005548004,10.090156276815831,6.932707903124253,466.9784779846207
792,105.29268132465957,4.746893768640916,21.30593762109751,163.0901855117546
793,30.510659048659928,10.103396914584804,27.782698317786995,202.71001163213228
794,162.24430786990987,7.863954575944677,20.628688363419066,367.9253677192819
795,234.65008183443976,9.100082064375012,2.826645916421313,487.0665216388011
796,196.87206971960282,4.690520726988892,23.613179811405203,451.0236518150602
797,247.0668359969814,11.314337152955508,28.516276164240804,540.0116253884843
798,235.0768933211318,2.665024421995527,7.07279103533796,501.77256347136307
799,124.7727001663331,7.471496169348911,19.37793748759953,245.61195492169995
800,73.79924187070509,8.209918970474963,38.8302113145035,145.9230368731328
801,35.004851249886734,0.6187723081341159,33.08332997319926,293.008623826674
802,82.58845610585223,12.06037969324215,18.235945125279077,137.23564062925215
803,165.3949927523895,8.539959289838864,10.362999256948878,375.1867217012004
804,229.50500497176697,1.6437428534106562,6.410515636473604,490.46315195450484
805,20.392811949718784,12.808608767219184,1.8333767052499805,208.07045265892387
806,208.02142799931053,10.798165081520693,9.375575377016538,429.2537322363672
807,195.82690247517098,13.763528699177169,19.534484651355548,442.0776657327076
808,178.92598540856565,10.387989909986455,19.94073372121656,354.72247534301005
809,49.411747542490694,7.800574186521054,6.90541253527202,215.1601245059573
810,32.248781712055894,11.960849759567218,18.175694347264468,212.88777571050102
811,189.45347026795062,5.697860264739788,17.642821346038076,474.5070539037683
812,167.52412555303417,6.816204245760912,32.37983729349466,369.4864114760759
813,105.07655700815029,5.663609225780886,36.852134133969756,171.14948716875645
814,99.46685535552214,5.2278362324142895,38.29146055403317,136.93243324233666
815,27.507973839324308,14.178954938051884,19.48169959867208,193.05272201996738
816,248.48988169563944,7.843238932057149,34.03959201988385,522.8001934323345
817,212.42769497918272,7.858705366581726,24.808126099378597,429.7751408421557
818,244.06387547571362,5.988812562324741,4.068406459479377,516.0224141007328
819,208.14861909116306,5.2514754350242,2.914545180754109,432.78950132903117
820,125.53616993131337,3.848649481329196,24.203529399242157,264.4295036626306
821,214.38790318368075,14.26254045405987,27.266416885653875,429.2380765150942
822,65.62222403799335,11.122038248605163,26.065475747582827,157.9339872143183
823,174.66917138815234,7.474762298329567,19.356742765652033,359.74729366112217
824,74.56044938659971,9.164077098748727,23.707015415919468,132.5826945226834
825,110.26981726196814,12.66015961406334,26.523517200749637,162.60952359020433
826,220.48642273647386,5.864260009010355,28.141015273476597,427.88110056455906
827,117.73875030028138,4.590650102409619,5.75819100627887,205.06299238215362
828,225.55469012041246,7.419984555918074,19.041453032172914,443.6271907812754
829,157.8986566382083,7.172960637336081,13.244607039398542,367.14235657656377
830,87.56161248203543,12.547910041568239,19.34139730588424,118.58256257210039
831,79.88210190542966,13.469906570014405,15.736378881273975,131.73875622809265
832,20.77603346573756,12.955567754813503,2.915250599534671,194.12996039850762
833,151.58254964434659,10.567440764447761,31.598099268058522,342.218259922837
834,212.87100061393193,8.154842367215032,20.878647187318148,419.56463028058533
835,71.68524863752108,3.0326341433465807,34.986655338272044,154.97490388839415
836,130.22591096962373,14.003889560853638,1.7271715426099155,286.84120207365635
837,246.29609643562748,12.885743172212797,3.8565106217673017,507.62020332909054
838,110.47909117127901,8.128663715211431,5.043899366665574,176.43385584257373
839,235.84277145474664,11.435335923868324,34.80669761502972,474.70138374388176
840,210.11586441392978,13.53739414045635,20.272180732357803,414.3566390393376
841,133.76089364715813,4.915460977723565,30.023228390342254,281.53823111011485
842,166.13375755647382,8.819817666282509,3.087926625476083,361.3239766247255
843,35.08411458958411,14.406182788205495,29.846361672633183,193.42411494701116
844,138.77949938563575,3.739398107377838,3.100874108677494,340.70363574497674
845,194.78472322917085,2.67679204688073,36.4138987335144,471.0405258313662
846,72.98431609740793,14.26431454428289,20.48614371115599,130.7094084066152
847,31.84194135868696,13.2006882931149,38.37545540501944,199.44527894821454
848,26.762274042315028,1.1336074892482477,25.403294737018697,259.6014920896995
849,56.87262046413657,8.910440321904224,24.06520777150529,181.17450075517866
850,74.68640956948508,9.860349874933926,6.669107488377541,133.51543060244555
851,205.24238810212566,10.894489465190764,25.283352625301685,433.35776882898256
852,125.59634418684006,9.435859907384097,30.15707330165204,232.150472916897
853,143.17842681498246,8.656303313468067,24.41511402798053,321.93721863194924
854,92.01324335996816,9.308782396205242,27.571039713425876,123.85195840379335
855,88.73051544603098,9.4850848168591,35.366402864907755,111.1267179591898
856,147.30166323360885,1.8382715743933775,27.868458805166814,378.198677650025
857,191.5314730448139,3.0225595784286168,25.70592138364832,474.25446036207074
858,61.55873823010354,4.648925327896836,21.10135249766667,207.2241827141315
859,119.96937348238166,13.9547422324711,18.21519069234101,210.5369980742018
860,168.1399990268223,7.271757531027848,28.510667939705208,369.1614550780417
861,240.82159252626957,9.398028776753064,33.122110437071896,479.8016105148291
862,81.96284798366607,14.542084047672132,29.13854737440948,111.65134734073406
863,110.3587298154697,1.956286419876268,4.005896246592715,210.5613764407709
864,150.93952807598606,3.291275552838407,10.252100379105741,368.5440962365848
865,52.6364376695726,4.580037378590579,24.55218024467073,199.9439013934244
866,160.66408349459195,13.82693688519279,22.69336045596745,362.8122395649806
867,244.12516676849881,10.911297750193496,36.70310788762612,511.2200119006057
868,82.88665943733025,2.393032427748952,39.333773623049275,167.64679640434628
869,130.53375847886394,1.5289803349846571,35.83285330000439,329.9524601163022
870,47.05680090324834,2.9643861024270444,24.232862439547816,227.51458080503923
871,139.15385786389012,13.77613224662669,28.777031814770808,324.74916072091656
872,243.46269122129166,6.605481271366213,33.94789125005979,520.0219634331313
873,144.7465397456055,13.111210640040621,5.851826826518134,329.32792370455394
874,69.10533402654882,12.77595246330574,12.511613179154093,147.9998549193026
875,91.47416520597949,14.513782570371001,1.0009311841088486,127.40879135329357
876,164.07371111819393,8.362856440130836,24.95986380944625,383.5377387259104
877,217.1153906968442,4.464015988623739,36.77302370132077,427.6337650132818
878,124.29066905876977,7.959126294195524,0.19067082013809245,241.0834893851241
879,132.72762801192013,13.45218422953151,5.050992939438799,297.23074601814136
880,206.15172369757548,14.245686302390745,8.004069925054456,429.41639203882283
881,44.21755497730601,6.266678407303652,31.17025039814117,208.63232107305467
882,238.7864900301533,7.563388382264307,14.79754126232027,491.249541088927
883,126.89596412502814,12.069176994755345,7.921759782183115,254.65733149713577
884,96.27946739974118,6.256071271573611,14.895113009152858,109.8132799695256
885,199.06532578949458,3.9752215201266425,10.251977868824977,444.6454894330781
886,78.98870348256654,4.5508788899624735,10.018593605452978,149.01246862884167
887,53.68042453955277,7.461722262760346,22.63362267276443,178.96606785127457
888,79.36798707172582,3.9561856675881293,26.815974343245607,152.0608690753103
889,174.68210005189516,11.587091078355824,9.974488309792369,354.9464235064209
890,43.15363544960112,10.1745666588043,21.996170490863676,212.66306069532473
891,123.80108672923566,14.023604390639033,1.1913906509874739,241.37607683269442
892,74.17864393675262,11.32865516343312,38.89634321323531,114.6802577582481
893,145.50597812680996,7.073006642211572,4.100081252907941,333.950014184789
894,51.80450160876215,3.1483503649258475,22.356521635390408,205.4139468753779
895,198.01224139519493,3.9119487488769162,39.88154006326957,453.2389733756865
896,232.49989013523478,13.359528178364213,12.873773465946465,473.4238970303429
897,93.4526200820945,9.716099912842282,11.485017365867893,125.04261452892513
898,101.5300702314101,2.049808207347876,29.53383734616255,172.5445921411406
899,157.55960519363353,7.747550121149665,18.628917981932844,343.95865185318837
900,189.92821790567476,11.610367753201944,10.66281144824341,463.33276403374236
901,33.40294715360564,12.169358040216693,22.91451870942028,208.39099308517947
902,175.19898489915545,12.67132802372645,33.0832779122986,345.7437847484655
903,207.27709625656567,13.709804594409949,26.766444783294357,429.9307894152138
904,202.27987809965953,7.493475949228448,9.603617310990868,452.98331302331434
905,120.87831785034665,10.175179968625445,26.712438805768862,216.31503784930968
906,209.23720011837662,1.5635516620444365,37.19525707408005,468.4797022995684
907,145.82763729461686,10.093131544716897,7.885481149293101,323.287438796065
908,62.94677041224844,7.962108120021277,26.07095108923882,172.9138917627196
909,85.71947297112273,3.5904535192951816,19.983192265457742,138.7714237478449
910,156.3292704344924,4.167055401400097,26.53393167896823,352.5177815848723
911,147.06920479048367,10.762284747043656,5.508894082661624,346.61975173500514
912,204.4987025819726,3.7755359643557798,9.313900377649645,441.64337237778193
913,184.42550098849628,5.46894948203261,13.904820696494031,497.6214258076489
914,69.00383442234426,5.965835064820431,33.58410877368761,155.86207269969793
915,111.39885606064628,11.53365783059325,15.373221914135975,175.68103368001556
916,198.95706159153528,3.2934287826314996,13.497054873018062,478.82654534981094
917,125.36716934375323,1.6485979638062371,29.664735978609382,280.46900949543345
918,71.75695956145944,3.1592654248630465,5.549054315875832,165.31274077546976
919,235.53179640317893,10.831629652330967,12.799548271728533,470.63139580798793
920,123.28738672855496,1.2318867936117899,22.032691286979677,284.91023238238523
921,91.00719332983157,8.537969537197448,13.85474519769707,116.97132293842449
922,137.58940224556665,7.8105330435479425,23.91715467137772,308.44584529007483
923,89.21122248623149,5.925558740670225,24.060381146280907,129.6461030329263
924,82.18826473690123,5.536157560143849,5.651938595844648,130.08025164888934
925,172.15231133167032,8.310732960836567,5.336980101997515,347.4439882815896
926,202.9036609690636,1.3821682201249461,31.371004490796484,491.38370369516315
927,114.03129942685624,5.181548659865428,16.694602184886833,206.50279292893802
928,57.01623812426627,6.538682963159006,5.965772517337942,200.46317331470448
929,129.43293921475365,2.5528047051925826,3.056291816844472,305.3296005708182
930,112.36817071355162,8.107040603112152,16.75645784620531,198.35600123777334
931,120.21359880612896,4.986629304798193,33.68550803101988,222.6493884120143
932,75.17147908605325,1.4511297074900051,8.204581773813096,204.59668904572993
933,197.0073948990882,2.357328310444879,39.80100503512329,469.42590346596296
934,66.51235042422202,5.253814443006894,0.8347983964349703,162.29962071536445
935,28.88870073656645,10.096541010650093,23.741688481090076,206.53988979447698
936,181.02613518943153,12.103522169806629,27.96499556105529,484.05239680767244
937,190.7752621483418,7.550186408532429,21.290901869537638,469.5527871452657
938,74.91465187147637,1.177332313683887,10.366633647287976,213.82086924022622
939,59.88336166182749,9.301308998289771,12.65788469763185,183.96144705339262
940,153.52219426343248,13.627148978285868,22.15481211155516,365.88289077998525
941,231.51499987758754,1.2471349604795292,35.81386116130281,523.9988536811306
942,78.41615835872646,5.541694705059172,16.789368310137597,156.0876454919847
943,144.20096512524447,0.7444277488864299,13.793299995869962,401.8841326924086
944,80.80699054748133,8.870804342250091,16.01503418240091,123.27642771308912
945,190.57898967508586,2.012157404341497,39.97317780280347,515.2852650501918
946,127.43216983877419,14.143581729673853,10.659387259802404,245.43907642348933
947,107.1599602734775,6.40707973751645,6.85516595800578,147.86169829881845
948,170.91233243587925,9.509679874832495,35.71466699976801,336.289924426267
949,142.22649436652807,5.266149940512222,5.018723467181756,346.2032812973691
950,66.26435069985965,5.370929586340985,33.57747016839959,147.25134614708858
951,115.72881577403446,0.6673187784893798,25.01019616129108,261.6373436946121
952,239.993506820732,13.066419458625287,38.318503010419434,481.6955665047837
953,204.26109923572386,4.410997226132976,12.711010092416632,457.8717340979482
954,137.78497904254246,4.1012093257377025,34.226384576744955,299.1701028876075
955,171.9065478527718,5.719099421618659,3.499666059418014,369.80567903156526
956,52.745427619510025,3.1697138489467083,31.293620386888378,215.38544778352954
957,115.03447579313189,5.028726813515005,13.086879017262678,215.02154598394392
958,225.8077649808777,4.57615571618986,18.423130608317262,445.9910517239674
959,63.26767867531895,14.636871211618454,31.882337223422308,166.73434105860224
960,245.84190693480187,13.20599561982071,25.396118933440608,512.4342562467757
961,215.06554950233163,4.594806108731446,18.329817059994042,445.208787860858
962,177.8094625984187,12.668213043060044,11.704022436839159,359.54157048077866
963,105.93355479912135,1.0528925415921033,30.216954329875758,205.92349026550457
964,41.17783684573854,8.74475566314076,18.633043604389307,220.6008325380601
965,87.77727635040944,13.020901110067783,9.785919456128047,111.3500048295486
966,190.42918913728855,3.64497583901042,15.684052906563917,482.3482417141562
967,116.97291386621315,2.833748099313396,31.8383165553388,211.99538688719207
968,204.66378773297282,12.014764299817468,2.344954560566359,432.5829243400878
969,69.63318957195975,9.972851261846346,12.889520713676003,163.20426332606405
970,209.46160992090037,14.625120969712146,29.095631968375592,444.2685848816226
971,217.82566416844907,2.8023834977419892,24.506654659709138,450.66471002732425
972,186.1053476336784,2.6522943550709623,17.57877018233177,502.26084595774597
973,66.9232511301228,1.3030911314358904,6.22865673900479,210.50765092159645
974,71.26503142493189,5.202153642265619,1.9037893541749717,166.63998552210083
975,34.78771132952693,1.1920456466117988,16.04284757272111,268.6588720593253
976,31.79930973926519,9.402402923138782,27.531924520335185,220.12506798661855
977,189.9860154022566,1.745070809876991,10.714562987391787,525.5024722818424
978,133.04882734921785,7.086470964110608,36.08234680697234,286.419710395583
979,195.14758026672447,7.968498510276799,24.78021315114392,448.21009756763436
980,85.03161951560215,1.7520999019927834,18.20958684414895,173.75229164844882
981,99.41138080946357,10.532475590367591,30.188295220254698,126.10800758114942
982,225.78182713933853,14.862993646591224,11.987047381842292,422.8792125918945
983,249.39818214133808,6.144563007322324,35.75849658584895,546.4702081520304
984,43.40386677010386,7.9937141898301505,14.699523713830235,234.3131576298381
985,199.22798115843193,5.941226107872654,0.21074785721956868,466.0581618786625
986,147.91417290340763,14.70710016360165,39.14192543755093,333.5876342692365
987,21.04622139340089,12.83205217965043,19.843296576254726,154.79504152686104
988,161.80653342149108,14.546162849320618,36.14370676119241,353.44844293037244
989,84.38348312370694,6.102958838993851,4.361290909702631,139.99334377334358
990,100.62950531461941,5.086807976168525,7.996220367802369,145.87343038592311
991,242.93414408569092,0.7340200427044778,19.348744368647516,585.8367165698095
992,190.815920090511,1.6145144438631027,35.816642043423556,495.00257558297693
993,32.540000283695036,14.366695325740238,3.6811650133830476,222.3612490946678
994,176.62443333693136,8.973075723182575,21.539549625824765,353.10969122723566
995,22.989001386257684,6.968230707585406,30.324408531114138,196.6430091993996
996,223.82458696219192,2.788631414496693,15.616420079274711,445.68310546529244
997,157.23697880942694,14.101398079857773,17.812889747364537,361.87718492857766
998,165.08890133034694,1.0706248896623622,37.34978226556586,421.22039671843055
999,23.78321324321614,9.904434574451454,21.481360242919703,192.50318325465113
